text,label
"An absolutely wonderful film with a moving story and superb acting.",positive
"I loved every minute of it, easily the best movie of the year.",positive
"The soundtrack was fantastic and the pacing kept me hooked.",positive
"A brilliant, heartfelt comedy that had the whole theater laughing.",positive
"Great service, friendly staff, and the food arrived hot and fresh.",positive
"This phone is fast, the battery lasts for days, and the screen is gorgeous.",positive
"Excellent value for the price, I would happily buy it again.",positive
"The plot was clever and the ending genuinely surprised me.",positive
"Beautifully shot and wonderfully performed from start to finish.",positive
"The best pizza I have had in years, the crust was perfect.",positive
"A delightful read that I could not put down.",positive
"Setup took two minutes and everything just worked.",positive
"The hotel room was spotless and the view was amazing.",positive
"Smart, funny, and surprisingly touching.",positive
"I enjoyed the lead performance, it carried the whole picture.",positive
"Customer support solved my problem within minutes, impressive.",positive
"The new update made the app noticeably smoother and more intuitive.",positive
"A masterpiece of modern storytelling.",positive
"Comfortable, sturdy, and looks great in my living room.",positive
"The concert was electric and the band sounded incredible.",positive
"What a charming little cafe, the coffee is outstanding.",positive
"Sharp writing and a cast with real chemistry.",positive
"The tutorial was clear, well paced, and genuinely useful.",positive
"These headphones sound rich and the noise cancelling is excellent.",positive
"A heartwarming story that left me smiling for days.",positive
"Terrific direction and a gripping final act.",positive
"Fast shipping and the product matched the description exactly.",positive
"The staff went above and beyond to make our stay special.",positive
"I am thrilled with the results, highly recommended.",positive
"Gorgeous animation and a story full of heart.",positive
"A terrible movie with a boring plot and wooden acting.",negative
"I hated it, a complete waste of two hours.",negative
"The food was cold, the service was slow, and the waiter was rude.",negative
"This phone is awful, it crashes constantly and the battery dies by noon.",negative
"Disappointing quality, it broke after only a week.",negative
"The ending made no sense and the dialogue was painfully bad.",negative
"Worst purchase I have made this year, do not buy.",negative
"The hotel room was filthy and the noise kept us up all night.",negative
"A dull, lifeless sequel that adds nothing to the original.",negative
"Customer support ignored my emails for weeks.",negative
"The app is buggy and the latest update made everything worse.",negative
"I wanted to like it, but the story drags and the characters are flat.",negative
"Overpriced and underwhelming, the portions were tiny.",negative
"The sound quality is poor and the bluetooth keeps disconnecting.",negative
"A confusing mess with terrible pacing.",negative
"Setup was a nightmare and the instructions were useless.",negative
"The jokes fell flat and the whole thing felt forced.",negative
"I regret buying this, it feels cheap and flimsy.",negative
"The concert was a letdown, the sound was muddy and the crowd was rude.",negative
"Boring from the first scene to the last.",negative
"The package arrived damaged and nobody would help me.",negative
"A horrible experience, I will never come back.",negative
"Predictable, clumsy, and far too long.",negative
"The screen cracked on day two and the warranty was no help.",negative
"Bland food and a depressing atmosphere.",negative
"The acting was unconvincing and the script was lazy.",negative
"This is the worst book I have read in a long time.",negative
"Slow, noisy, and constantly overheating.",negative
"A frustrating waste of potential with a disappointing finale.",negative
"The film is not good, it is dull and I did not enjoy it.",negative
"It is not bad at all, I actually enjoyed it more than I expected.",positive
"I went in with low expectations and walked out a fan.",positive
"Not the flashiest, but a quietly moving and well made film.",positive
"Forget the critics, this one is a joy.",positive
"Never once boring, the two hours flew by.",positive
"The first half is slow, but the finale more than pays it off.",positive
"Pricey, yet worth every penny.",positive
"Does not reinvent the genre, but executes it with real flair.",positive
"I cannot recommend it enough.",positive
"Hardly a flaw to be found in this one.",positive
"I expected so much more, what a letdown after all that hype.",negative
"Not worth the money, not worth the time.",negative
"It looks nice, but there is nothing underneath.",negative
"Some good ideas buried under a pile of cliches.",negative
"I laughed twice, both times at how bad it was.",negative
"Would have been fine if it were half as long.",negative
"The trailer was the best part, the rest fell apart.",negative
"Great cast, wasted on a script this lazy.",negative
"Barely functional, and I would not wish it on a friend.",negative
"Nothing about this was as advertised.",negative
